Date Entered,Stock Label,Brand,Engine Number
Date Entered,Stock Label,Brand,Engine Number
2/1/2023,Old,Honda,142QVTSIUR
2/1/2023,Old,Honda,PZCT1S00XE
2/1/2023,Old,Honda,4VBTV8YNM7
2/1/2023,Old,Honda,95AN3AWVF4
2/3/2023,Old,Kawasaki,483QHIM661
2/3/2023,Old,Kymco,SPHA17SSEE
2/3/2023,Old,Kymco,0AV7SWGX93
2/4/2023,Old,Kymco,QMUB6UYLKL
2/4/2023,Old,Honda,V96GMTFFEI
2/5/2023,Old,Kawasaki,4J8UA0FMVY
2/5/2023,Old,Kawasaki,A8BDL926FA
2/5/2023,Old,Kawasaki,X8G5ZZ7A69
2/6/2023,Old,Honda,TY5SU0WPDX
2/6/2023,Old,Honda,5Q0EZG7WKB
2/6/2023,Old,Suzuki,9XUOUOJ2XZ
2/6/2023,Old,Kymco,YUL4UTC4FU
2/6/2023,Old,Kymco,2ESQRHAXWG
2/7/2023,Old,Kymco,J8JA99VWZE
2/7/2023,Old,Kymco,NS530HOT9H
2/7/2023,Old,Suzuki,URIA0XXM05
2/7/2023,Old,Yamaha,IDN93SI4KW
2/7/2023,Old,Honda,PVAWKD51CE
2/7/2023,Old,Honda,K4KHCQAU41
2/8/2023,Old,Honda,Z4NY5JGZZT
2/8/2023,Old,Honda,IRQACSKUNZ
2/8/2023,Old,Yamaha,TMZCTALNDL
2/8/2023,Old,Yamaha,DVFUIA0YVB
2/8/2023,Old,Kymco,4M793VVAHI
2/8/2023,Old,Suzuki,5N7IQVJ2BA
3/1/2023,New,Suzuki,NO8VW05PU9
3/1/2023,New,Yamaha,NWIP2MQEIN
3/1/2023,New,Kawasaki,1HCWCVZSX8
3/3/2023,New,Kawasaki,Z46VKPIJBY
3/3/2023,New,Kawasaki,LYQVEHJ6IU
3/3/2023,New,Yamaha,BVGQQNMATL
3/4/2023,New,Kymco,URWMSQZCBU
3/4/2023,New,Yamaha,5NGI5UZ8T2
3/5/2023,New,Honda,W2UYM0EIRS
3/5/2023,New,Honda,AITLTSJUK2
3/5/2023,New,Yamaha,45CNYV7IFF
3/6/2023,New,Kymco,MXS36NKV96
3/6/2023,New,Kymco,PWM3MJWPYE
3/6/2023,New,Kymco,5I80N9HB7W
3/6/2023,New,Yamaha,D01JMJL9PG
3/6/2023,New,Suzuki,1R88BOJW8W
3/7/2023,New,Suzuki,LAMH9Y1YD6
3/7/2023,New,Yamaha,02G7NJCRGS
3/7/2023,New,Kawasaki,392XSUBMUW
 ,,Copy of MotorPH Inventory Data,
